member_id,status,sex,date_of_birth,annual_pension,normal_retirement_age
M0001,pensioner,F,1952-02-18,8538.36,65
M0002,pensioner,M,1948-07-26,7886.98,65
M0003,pensioner,M,1947-01-17,5525.5,65
M0004,pensioner,M,1953-07-19,3721.1,65
M0005,pensioner,M,1957-02-06,44013.52,65
M0006,pensioner,M,1954-09-15,3994.84,65
M0007,pensioner,M,1961-05-24,3295.21,65
M0008,pensioner,F,1947-07-15,8867.28,65
M0009,pensioner,M,1948-05-07,7526.49,65
M0010,pensioner,M,1954-01-16,1694.6,65
M0011,pensioner,M,1945-07-21,16480.37,65
M0012,pensioner,M,1950-10-30,5512.31,65
M0013,pensioner,M,1961-06-11,2207.63,65
M0014,pensioner,M,1951-08-15,17490.63,65
M0015,pensioner,M,1947-07-18,10536.73,65
M0016,pensioner,F,1954-12-20,1922.59,65
M0017,pensioner,F,1956-01-19,29702.29,65
M0018,pensioner,M,1960-01-07,10855.56,65
M0019,pensioner,M,1944-10-15,5945.19,65
M0020,pensioner,F,1955-10-22,25102.22,65
M0021,pensioner,F,1957-12-30,6924.93,65
M0022,pensioner,M,1957-05-21,5850.25,65
M0023,pensioner,F,1950-04-24,3311.79,65
M0024,pensioner,F,1951-08-25,10129.23,65
M0025,pensioner,F,1951-04-08,9213.8,65
M0026,pensioner,M,1951-02-15,6079.8,65
M0027,pensioner,M,1937-06-09,2946.95,65
M0028,pensioner,M,1957-10-27,6744.29,65
M0029,pensioner,M,1958-09-01,5634.68,65
M0030,pensioner,M,1961-01-29,1806.94,65
M0031,pensioner,M,1949-08-23,1595.41,65
M0032,pensioner,M,1945-07-16,9978.15,65
M0033,pensioner,M,1955-06-25,576.98,65
M0034,pensioner,F,1961-04-16,7218.37,65
M0035,pensioner,M,1961-03-02,3901.98,65
M0036,pensioner,M,1949-05-13,19475.97,65
M0037,pensioner,F,1948-08-16,3848.33,65
M0038,pensioner,F,1950-03-23,10862.27,65
M0039,pensioner,F,1959-11-23,4197.7,65
M0040,pensioner,F,1952-09-17,6646.78,65
M0041,pensioner,F,1953-08-21,11645.41,65
M0042,pensioner,M,1952-10-26,3956.89,65
M0043,pensioner,M,1947-08-07,14711.93,65
M0044,pensioner,M,1952-10-12,2453.29,65
M0045,pensioner,M,1949-02-20,7821.63,65
M0046,pensioner,F,1954-01-11,13765.08,65
M0047,pensioner,M,1952-04-04,10867.68,65
M0048,pensioner,M,1949-07-09,33668.4,65
M0049,pensioner,M,1957-02-16,3018.21,65
M0050,pensioner,M,1958-05-02,1734.16,65
M0051,pensioner,M,1959-09-06,2451.89,65
M0052,pensioner,M,1956-10-08,10871.64,65
M0053,pensioner,F,1942-08-11,9392.3,65
M0054,pensioner,M,1961-06-30,6578.39,65
M0055,pensioner,F,1946-10-28,2183.87,65
M0056,pensioner,F,1957-04-01,11964.45,65
M0057,pensioner,M,1953-04-08,1992.77,65
M0058,pensioner,M,1949-11-18,17027.23,65
M0059,pensioner,F,1948-11-17,78527.91,65
M0060,pensioner,M,1948-03-22,8344.19,65
M0061,pensioner,F,1957-05-11,10140.7,65
M0062,pensioner,M,1958-04-08,3850.43,65
M0063,pensioner,F,1947-09-15,1176.53,65
M0064,pensioner,F,1956-02-06,3487.94,65
M0065,pensioner,M,1950-08-05,2243.76,65
M0066,pensioner,M,1953-06-06,1631.43,65
M0067,pensioner,F,1949-01-17,28272.33,65
M0068,pensioner,M,1957-12-27,7670.15,65
M0069,pensioner,M,1953-04-20,8444.19,65
M0070,pensioner,M,1949-07-26,4543.24,65
M0071,pensioner,M,1957-01-16,5135.49,65
M0072,pensioner,F,1950-12-01,14294.22,65
M0073,pensioner,F,1959-11-13,5827.9,65
M0074,pensioner,M,1957-06-22,9673.44,65
M0075,pensioner,F,1957-08-16,5029.68,65
M0076,pensioner,M,1950-09-04,4409.77,65
M0077,pensioner,M,1958-04-29,1691.37,65
M0078,pensioner,M,1954-06-21,1011.86,65
M0079,pensioner,F,1950-09-22,4741.5,65
M0080,pensioner,M,1950-12-31,6312.97,65
M0081,pensioner,M,1949-03-31,1885.59,65
M0082,pensioner,M,1955-05-11,5816.69,65
M0083,pensioner,F,1957-12-15,6297.4,65
M0084,pensioner,M,1955-03-17,861.87,65
M0085,pensioner,M,1951-05-16,2633.06,65
M0086,pensioner,F,1957-08-05,8656.38,65
M0087,pensioner,M,1944-03-05,8500.39,65
M0088,pensioner,M,1957-06-03,2124.32,65
M0089,pensioner,M,1948-09-01,6919.63,65
M0090,pensioner,M,1956-03-19,15058.25,65
M0091,pensioner,M,1957-04-13,12074.85,65
M0092,pensioner,F,1947-11-06,5506.9,65
M0093,pensioner,M,1951-02-04,3937.64,65
M0094,pensioner,F,1952-09-01,3405.36,65
M0095,pensioner,F,1959-04-29,9141.25,65
M0096,pensioner,M,1953-12-29,7151.72,65
M0097,pensioner,M,1958-10-22,10572.15,65
M0098,pensioner,F,1952-09-16,6756.1,65
M0099,pensioner,M,1954-05-25,12536.53,65
M0100,pensioner,F,1941-10-03,6533.17,65
M0101,pensioner,F,1956-06-26,12157.9,65
M0102,pensioner,M,1953-02-19,13137.88,65
M0103,pensioner,M,1952-10-23,2908.64,65
M0104,pensioner,M,1943-09-12,1178.72,65
M0105,pensioner,M,1947-11-21,24068.48,65
M0106,pensioner,M,1951-09-19,7559.1,65
M0107,pensioner,M,1942-11-12,1282.39,65
M0108,pensioner,F,1959-09-09,3156.05,65
M0109,pensioner,F,1957-09-09,12018.49,65
M0110,pensioner,F,1949-06-28,4664.83,65
M0111,pensioner,M,1956-05-07,3784.46,65
M0112,pensioner,M,1952-01-23,21169.32,65
M0113,pensioner,M,1947-11-12,2337.78,65
M0114,pensioner,M,1938-08-06,2925.37,65
M0115,pensioner,F,1931-04-05,7257.3,65
M0116,pensioner,M,1951-04-04,8526.41,65
M0117,pensioner,M,1952-06-05,9378.95,65
M0118,pensioner,F,1961-01-27,13624.56,65
M0119,pensioner,M,1957-11-22,7174.12,65
M0120,pensioner,M,1959-06-20,9320.4,65
M0121,pensioner,M,1955-09-12,4751.55,65
M0122,pensioner,M,1946-01-16,6348.31,65
M0123,pensioner,F,1953-04-25,6609.71,65
M0124,pensioner,M,1955-11-03,7281.58,65
M0125,pensioner,F,1958-06-17,12025.69,65
M0126,pensioner,F,1955-01-01,9888.68,65
M0127,pensioner,F,1940-06-05,6243.59,65
M0128,pensioner,M,1953-07-12,2896.62,65
M0129,pensioner,M,1946-09-16,6376.78,65
M0130,pensioner,F,1958-07-25,5850.6,65
M0131,pensioner,M,1960-05-16,7139.36,65
M0132,pensioner,M,1937-07-17,43712.42,65
M0133,pensioner,F,1961-02-21,3744.78,65
M0134,pensioner,M,1947-11-11,8774.24,65
M0135,pensioner,F,1947-02-12,15695.52,65
M0136,pensioner,F,1951-06-29,6553.25,65
M0137,pensioner,F,1955-10-28,49196.38,65
M0138,pensioner,M,1954-11-24,4269.62,65
M0139,pensioner,F,1959-10-23,8032.05,65
M0140,pensioner,M,1951-01-01,2923.65,65
M0141,pensioner,F,1958-03-18,4372.73,65
M0142,pensioner,F,1953-03-10,7506.73,65
M0143,pensioner,F,1941-12-08,12851.15,65
M0144,pensioner,M,1953-04-16,7996.03,65
M0145,pensioner,M,1955-07-09,18633.53,65
M0146,pensioner,M,1952-04-13,5508.49,65
M0147,pensioner,M,1944-02-14,4449.57,65
M0148,pensioner,M,1952-10-24,68398.17,65
M0149,pensioner,M,1957-11-09,8555.49,65
M0150,pensioner,M,1945-09-20,3140.01,65
M0151,pensioner,F,1951-02-21,3212.09,65
M0152,pensioner,F,1942-04-14,2568.57,65
M0153,pensioner,M,1953-02-07,13938.74,65
M0154,pensioner,F,1941-05-12,4322.44,65
M0155,pensioner,F,1940-10-12,6728.73,65
M0156,pensioner,M,1956-01-03,5666.67,65
M0157,pensioner,M,1957-08-20,11589.54,65
M0158,pensioner,F,1942-11-17,2800.2,65
M0159,pensioner,F,1949-06-04,2279.02,65
M0160,pensioner,F,1957-09-23,7342.12,65
M0161,pensioner,F,1954-08-11,10304.93,65
M0162,pensioner,F,1955-11-17,8093.32,65
M0163,pensioner,M,1951-11-14,2895.77,65
M0164,pensioner,M,1943-04-24,11039.68,65
M0165,pensioner,M,1953-11-05,3071.86,65
M0166,pensioner,F,1949-06-02,3752.32,65
M0167,pensioner,M,1954-12-17,2565.62,65
M0168,pensioner,M,1961-04-25,19352.12,65
M0169,pensioner,F,1957-03-30,10610.44,65
M0170,pensioner,M,1947-03-30,10342.42,65
M0171,pensioner,F,1954-04-29,18434.98,65
M0172,pensioner,M,1958-06-11,75425.38,65
M0173,pensioner,F,1957-03-11,1288.47,65
M0174,pensioner,F,1946-07-19,3087.06,65
M0175,pensioner,M,1950-04-07,3445.96,65
M0176,pensioner,F,1943-11-15,2789.94,65
M0177,pensioner,M,1955-10-22,2274.9,65
M0178,pensioner,M,1960-02-20,4581.71,65
M0179,pensioner,F,1956-05-12,2007.35,65
M0180,pensioner,F,1952-08-18,8111.62,65
M0181,pensioner,M,1953-02-27,6285.77,65
M0182,pensioner,M,1953-11-05,9250.57,65
M0183,pensioner,F,1952-09-29,9475.55,65
M0184,pensioner,M,1934-06-06,10323.94,65
M0185,pensioner,M,1939-07-22,4287.45,65
M0186,pensioner,M,1961-05-25,40479.21,65
M0187,pensioner,M,1956-11-13,7409.39,65
M0188,pensioner,F,1959-04-19,1122.46,65
M0189,pensioner,M,1952-01-17,2434.21,65
M0190,pensioner,M,1944-12-03,1252.71,65
M0191,pensioner,F,1960-05-27,6094.34,65
M0192,pensioner,M,1959-10-21,5377.02,65
M0193,pensioner,F,1955-11-15,3936.04,65
M0194,pensioner,M,1958-10-22,36656.58,65
M0195,pensioner,F,1955-04-29,9833.98,65
M0196,pensioner,F,1937-07-15,11533.41,65
M0197,pensioner,F,1939-11-16,2595.54,65
M0198,pensioner,M,1931-05-01,2441.3,65
M0199,pensioner,M,1957-07-08,6202.08,65
M0200,pensioner,F,1951-11-02,7010.9,65
M0201,pensioner,M,1940-09-27,1128.71,65
M0202,pensioner,M,1956-07-13,5101.24,65
M0203,pensioner,M,1948-05-08,6076.47,65
M0204,pensioner,F,1951-02-03,4943.76,65
M0205,pensioner,F,1957-07-31,2885.53,65
M0206,pensioner,M,1955-08-23,3692.04,65
M0207,pensioner,F,1956-06-22,5117.09,65
M0208,pensioner,M,1956-09-13,6510.91,65
M0209,pensioner,M,1952-09-17,10340.54,65
M0210,pensioner,M,1959-01-05,15871.58,65
M0211,pensioner,M,1950-10-19,4603.64,65
M0212,pensioner,M,1946-06-20,3979.75,65
M0213,pensioner,F,1953-04-29,8896.43,65
M0214,pensioner,F,1951-10-04,10397.03,65
M0215,pensioner,M,1954-02-22,4059.17,65
M0216,pensioner,M,1954-07-27,12220.48,65
M0217,pensioner,M,1960-05-05,14488.95,65
M0218,pensioner,F,1952-01-15,19187.85,65
M0219,pensioner,F,1955-05-08,29732.72,65
M0220,pensioner,F,1937-10-28,2751.06,65
M0221,pensioner,M,1941-12-25,6075.52,65
M0222,pensioner,M,1951-06-26,6061.21,65
M0223,pensioner,M,1960-09-03,5493.1,65
M0224,pensioner,M,1945-01-15,3344.85,65
M0225,pensioner,M,1952-06-20,1575.79,65
M0226,pensioner,M,1950-09-24,6521.93,65
M0227,pensioner,F,1947-02-25,3004.89,65
M0228,pensioner,M,1950-12-08,6482.81,65
M0229,pensioner,M,1958-05-05,2936.21,65
M0230,pensioner,F,1952-06-17,2230.15,65
M0231,pensioner,M,1954-02-24,7408.5,65
M0232,pensioner,F,1956-11-27,6872.92,65
M0233,pensioner,M,1955-05-26,10105.84,65
M0234,pensioner,F,1956-08-02,42907.08,65
M0235,pensioner,M,1953-05-08,7700.77,65
M0236,pensioner,M,1942-10-19,9284.38,65
M0237,pensioner,F,1956-06-19,2274.94,65
M0238,pensioner,M,1953-02-27,1884.27,65
M0239,pensioner,M,1952-03-15,24935.84,65
M0240,pensioner,M,1957-07-18,2613.34,65
M0241,pensioner,M,1951-12-12,2344.82,65
M0242,pensioner,F,1940-10-01,5792.54,65
M0243,pensioner,M,1947-08-29,5532.2,65
M0244,pensioner,M,1957-03-13,2663.13,65
M0245,pensioner,M,1955-01-23,4559.82,65
M0246,pensioner,F,1957-03-31,18141.42,65
M0247,pensioner,M,1944-03-03,2904.8,65
M0248,pensioner,F,1949-11-28,1711.64,65
M0249,pensioner,F,1940-09-17,14014.52,65
M0250,pensioner,M,1945-02-24,9344.86,65
M0251,pensioner,F,1951-01-21,3432.51,65
M0252,pensioner,M,1940-08-14,1444.57,65
M0253,pensioner,M,1951-01-22,3069.76,65
M0254,pensioner,F,1947-12-12,5711.75,65
M0255,pensioner,F,1956-12-10,17130.57,65
M0256,pensioner,M,1954-01-14,2360.41,65
M0257,pensioner,M,1960-02-24,5560.52,65
M0258,pensioner,M,1946-08-27,11016.45,65
M0259,pensioner,M,1948-04-23,703.72,65
M0260,pensioner,M,1956-02-05,15213.25,65
M0261,pensioner,M,1945-03-14,2070.01,65
M0262,pensioner,M,1948-07-24,8089.41,65
M0263,pensioner,M,1940-01-03,7491.54,65
M0264,pensioner,F,1948-09-21,15924.95,65
M0265,pensioner,F,1955-02-08,9851.18,65
M0266,pensioner,F,1958-09-19,706.24,65
M0267,pensioner,M,1942-06-25,2960.8,65
M0268,pensioner,M,1949-06-21,6794.71,65
M0269,pensioner,M,1960-02-29,5034.32,65
M0270,pensioner,M,1954-04-23,9222.16,65
M0271,pensioner,M,1959-12-10,12209.2,65
M0272,pensioner,M,1952-01-28,10374.66,65
M0273,pensioner,F,1945-04-30,4947.65,65
M0274,pensioner,M,1949-09-13,1138.89,65
M0275,pensioner,F,1952-02-19,3982.17,65
M0276,pensioner,M,1953-12-29,8727.6,65
M0277,pensioner,F,1951-04-05,2248.71,65
M0278,pensioner,M,1941-08-22,10589.96,65
M0279,pensioner,M,1959-04-20,13589.72,65
M0280,pensioner,M,1949-11-04,6725.73,65
M0281,pensioner,F,1942-10-06,380.74,65
M0282,pensioner,M,1951-08-16,1899.29,65
M0283,pensioner,M,1947-10-19,32763.98,65
M0284,pensioner,M,1959-02-20,3668.84,65
M0285,pensioner,F,1948-01-23,1006.05,65
M0286,pensioner,M,1946-01-08,18237.54,65
M0287,pensioner,M,1952-09-15,6072.56,65
M0288,pensioner,M,1952-09-11,16219.37,65
M0289,pensioner,F,1952-05-29,7698.48,65
M0290,pensioner,M,1961-06-23,9065.38,65
M0291,pensioner,M,1955-10-02,8318.38,65
M0292,pensioner,F,1955-10-16,11240.23,65
M0293,pensioner,M,1951-07-03,46592.84,65
M0294,pensioner,M,1946-07-28,14377.51,65
M0295,pensioner,M,1955-07-28,1446.94,65
M0296,pensioner,M,1942-09-20,8968.83,65
M0297,pensioner,M,1960-07-08,16761.63,65
M0298,pensioner,M,1961-02-23,17711.08,65
M0299,pensioner,F,1952-12-13,4087.02,65
M0300,pensioner,F,1947-10-25,17119.35,65
M0301,pensioner,M,1954-06-24,13828.44,65
M0302,pensioner,M,1943-12-09,60765.68,65
M0303,pensioner,M,1947-09-19,3054.93,65
M0304,pensioner,F,1947-11-02,3800.37,65
M0305,pensioner,M,1950-02-19,4555.12,65
M0306,pensioner,M,1935-12-13,3859.58,65
M0307,pensioner,M,1956-03-18,2693.23,65
M0308,pensioner,M,1941-09-26,499.25,65
M0309,pensioner,M,1958-03-26,4057.35,65
M0310,pensioner,F,1953-09-15,8366.05,65
M0311,pensioner,M,1944-02-04,3849.18,65
M0312,pensioner,F,1960-12-03,34247.12,65
M0313,pensioner,M,1951-01-20,6072.67,65
M0314,pensioner,F,1950-05-18,19176.5,65
M0315,pensioner,F,1952-05-11,7591.57,65
M0316,pensioner,F,1954-02-19,12623.07,65
M0317,pensioner,M,1958-05-06,7714.31,65
M0318,pensioner,M,1950-11-23,20566.54,65
M0319,pensioner,M,1948-12-14,6309.81,65
M0320,pensioner,M,1953-06-19,9377.08,65
M0321,pensioner,M,1948-06-27,8343.3,65
M0322,pensioner,F,1952-09-26,4628.82,65
M0323,pensioner,F,1950-05-01,8638.63,65
M0324,pensioner,M,1960-03-17,44822.36,65
M0325,pensioner,M,1956-01-03,4703.95,65
M0326,pensioner,F,1952-12-30,8751.96,65
M0327,pensioner,F,1948-01-03,18611.14,65
M0328,pensioner,M,1957-09-20,16743.12,65
M0329,pensioner,M,1950-05-27,6063.6,65
M0330,pensioner,F,1956-09-11,702.37,65
M0331,pensioner,M,1955-07-06,9552.4,65
M0332,pensioner,M,1947-12-08,814.02,65
M0333,pensioner,F,1959-12-30,22526.74,65
M0334,pensioner,F,1948-07-29,6988.64,65
M0335,pensioner,F,1956-11-06,14753.29,65
M0336,pensioner,F,1952-12-27,2664.08,65
M0337,pensioner,M,1945-11-09,1483.65,65
M0338,pensioner,M,1943-12-13,7587.02,65
M0339,pensioner,M,1955-02-15,5821.26,65
M0340,pensioner,M,1943-09-28,3855.01,65
M0341,pensioner,M,1953-10-31,6475.04,65
M0342,pensioner,M,1961-04-08,72417.77,65
M0343,pensioner,M,1959-04-29,12715.64,65
M0344,pensioner,F,1957-06-08,15429.92,65
M0345,pensioner,M,1948-02-21,12823.8,65
M0346,pensioner,M,1940-10-20,22720.68,65
M0347,pensioner,M,1951-06-06,5056.6,65
M0348,pensioner,M,1950-10-09,944.1,65
M0349,pensioner,F,1955-08-15,5063.37,65
M0350,pensioner,M,1947-02-22,12457.48,65
M0351,pensioner,M,1959-05-30,2506.63,65
M0352,pensioner,F,1958-11-04,5119.36,65
M0353,pensioner,M,1959-10-21,3219.31,65
M0354,pensioner,M,1951-02-23,23186.86,65
M0355,pensioner,M,1956-01-31,11778.44,65
M0356,pensioner,M,1951-12-10,10784.89,65
M0357,pensioner,F,1951-09-04,10498.17,65
M0358,pensioner,M,1944-01-03,5802.19,65
M0359,pensioner,M,1957-04-24,7167.52,65
M0360,pensioner,M,1946-01-12,2064.92,65
M0361,pensioner,M,1957-03-22,838.59,65
M0362,pensioner,M,1945-08-27,6867.72,65
M0363,pensioner,F,1951-07-03,8031.33,65
M0364,pensioner,M,1955-08-15,17816.01,65
M0365,pensioner,M,1951-10-12,24679.22,65
M0366,pensioner,M,1938-12-18,24649.54,65
M0367,pensioner,M,1937-12-15,2443.76,65
M0368,pensioner,M,1954-01-06,4369.82,65
M0369,pensioner,F,1953-04-15,9244.79,65
M0370,pensioner,F,1945-12-17,58584.71,65
M0371,pensioner,M,1961-05-03,22733.71,65
M0372,pensioner,M,1951-11-27,16431.77,65
M0373,pensioner,F,1954-10-11,4232.32,65
M0374,pensioner,M,1952-01-22,2709.81,65
M0375,pensioner,M,1961-03-28,12204.16,65
M0376,pensioner,M,1958-03-29,2228.13,65
M0377,pensioner,F,1956-11-30,4841.22,65
M0378,pensioner,F,1939-01-27,5411.14,65
M0379,pensioner,M,1945-09-21,25163.14,65
M0380,pensioner,F,1951-10-15,4360.26,65
M0381,pensioner,M,1957-10-29,667.93,65
M0382,pensioner,M,1956-11-04,9447.59,65
M0383,pensioner,M,1953-02-01,3198.37,65
M0384,pensioner,M,1949-08-13,6234.68,65
M0385,pensioner,M,1957-04-14,5549.6,65
M0386,pensioner,M,1946-01-22,4689.97,65
M0387,pensioner,M,1954-07-09,12219.9,65
M0388,pensioner,F,1933-10-15,1510.11,65
M0389,pensioner,M,1952-10-14,3767.63,65
M0390,pensioner,M,1943-02-08,11104.98,65
M0391,pensioner,M,1953-11-02,3452.45,65
M0392,pensioner,M,1949-12-03,1410.34,65
M0393,pensioner,F,1955-01-09,10951.31,65
M0394,pensioner,F,1955-12-07,16486.55,65
M0395,pensioner,F,1960-10-21,5761.88,65
M0396,pensioner,M,1951-02-16,1027.37,65
M0397,pensioner,M,1961-05-20,11326.35,65
M0398,pensioner,M,1949-03-31,1346.97,65
M0399,pensioner,M,1945-11-20,7922.28,65
M0400,pensioner,M,1951-08-21,2699.43,65
M0401,pensioner,M,1956-11-10,2112.57,65
M0402,pensioner,M,1950-12-09,4031.1,65
M0403,pensioner,M,1957-01-14,5087.53,65
M0404,pensioner,M,1947-02-01,3360.1,65
M0405,pensioner,F,1957-04-03,10191.89,65
M0406,pensioner,F,1943-08-29,4016.04,65
M0407,pensioner,M,1947-05-30,14496.85,65
M0408,pensioner,F,1960-04-29,7727.73,65
M0409,pensioner,M,1958-12-02,3202.58,65
M0410,pensioner,F,1935-03-17,2752.24,65
M0411,pensioner,F,1951-02-03,1362.08,65
M0412,pensioner,M,1959-01-18,7794.51,65
M0413,pensioner,F,1950-11-07,4360.69,65
M0414,pensioner,F,1956-12-12,709.48,65
M0415,pensioner,F,1953-10-10,3704.75,65
M0416,pensioner,F,1955-04-05,2666.67,65
M0417,pensioner,M,1948-03-30,24775.85,65
M0418,pensioner,M,1951-10-24,1295.97,65
M0419,pensioner,F,1949-03-23,1639.75,65
M0420,pensioner,M,1960-01-29,16292.94,65
M0421,pensioner,M,1947-05-22,20345.23,65
M0422,pensioner,M,1941-07-16,3068.76,65
M0423,pensioner,M,1943-11-19,3396.96,65
M0424,pensioner,M,1956-02-07,10447.59,65
M0425,pensioner,F,1943-05-05,738.87,65
M0426,pensioner,M,1958-02-10,1123.77,65
M0427,pensioner,F,1942-12-06,4660.39,65
M0428,pensioner,F,1953-07-08,24207.46,65
M0429,pensioner,M,1952-07-03,4053.59,65
M0430,pensioner,M,1942-01-19,6570.58,65
M0431,pensioner,M,1957-06-19,16646.0,65
M0432,pensioner,F,1958-02-27,39963.07,65
M0433,pensioner,F,1950-12-14,3570.11,65
M0434,pensioner,M,1949-06-21,5909.77,65
M0435,pensioner,M,1958-11-18,30926.37,65
M0436,pensioner,M,1945-05-22,1524.67,65
M0437,pensioner,M,1960-11-11,15128.53,65
M0438,pensioner,F,1961-03-07,2399.54,65
M0439,pensioner,F,1952-08-03,6579.67,65
M0440,pensioner,M,1956-01-02,4823.03,65
M0441,pensioner,F,1956-08-06,2533.37,65
M0442,pensioner,M,1955-11-05,2476.8,65
M0443,pensioner,F,1952-12-10,7694.7,65
M0444,pensioner,M,1948-11-30,14698.49,65
M0445,pensioner,M,1949-04-08,5338.78,65
M0446,pensioner,F,1951-06-28,6390.81,65
M0447,pensioner,M,1950-02-12,10032.36,65
M0448,pensioner,F,1952-03-13,2502.53,65
M0449,pensioner,F,1938-04-16,11675.38,65
M0450,pensioner,M,1955-04-08,12543.07,65
M0451,pensioner,M,1957-01-10,62491.04,65
M0452,pensioner,F,1960-08-06,4277.06,65
M0453,pensioner,M,1955-02-19,3972.86,65
M0454,pensioner,M,1951-11-24,11987.07,65
M0455,pensioner,M,1954-02-28,12540.37,65
M0456,pensioner,F,1960-09-10,3706.84,65
M0457,pensioner,M,1947-05-15,4174.16,65
M0458,pensioner,M,1948-08-27,9764.73,65
M0459,pensioner,F,1955-11-06,2848.9,65
M0460,pensioner,M,1959-10-17,4146.56,65
M0461,pensioner,F,1950-03-08,6503.84,65
M0462,pensioner,M,1953-01-24,14703.78,65
M0463,pensioner,F,1955-02-11,3482.05,65
M0464,pensioner,F,1952-06-22,1142.95,65
M0465,pensioner,M,1953-01-19,1069.1,65
M0466,pensioner,F,1943-11-18,1931.48,65
M0467,pensioner,M,1944-08-02,1840.26,65
M0468,pensioner,M,1956-08-03,5220.59,65
M0469,pensioner,M,1951-08-30,2058.07,65
M0470,pensioner,F,1956-12-02,3187.64,65
M0471,pensioner,M,1948-11-08,2989.43,65
M0472,pensioner,M,1938-08-04,4036.19,65
M0473,pensioner,M,1961-04-09,19727.5,65
M0474,pensioner,M,1952-09-08,10886.38,65
M0475,pensioner,M,1941-09-06,6087.73,65
M0476,pensioner,M,1952-07-30,3962.34,65
M0477,pensioner,M,1940-01-01,4062.71,65
M0478,pensioner,M,1957-12-16,8058.53,65
M0479,pensioner,M,1958-09-26,10150.38,65
M0480,pensioner,M,1948-01-26,2650.91,65
M0481,pensioner,F,1952-08-20,6200.27,65
M0482,pensioner,M,1950-06-12,963.97,65
M0483,pensioner,M,1959-03-11,7259.43,65
M0484,pensioner,M,1944-05-17,11913.76,65
M0485,pensioner,M,1959-08-04,4663.18,65
M0486,pensioner,M,1959-08-31,30772.88,65
M0487,pensioner,F,1950-03-29,2714.6,65
M0488,pensioner,M,1948-06-19,7296.95,65
M0489,pensioner,M,1950-12-26,5809.63,65
M0490,pensioner,M,1950-04-07,5482.12,65
M0491,pensioner,M,1952-09-08,5413.36,65
M0492,pensioner,M,1950-12-31,6607.16,65
M0493,pensioner,M,1961-01-08,12870.3,65
M0494,pensioner,M,1948-11-10,20732.91,65
M0495,pensioner,M,1952-08-20,5987.86,65
M0496,pensioner,F,1959-06-26,12497.69,65
M0497,pensioner,F,1942-12-17,3190.47,65
M0498,pensioner,M,1958-02-04,11954.64,65
M0499,pensioner,M,1954-04-25,3022.15,65
M0500,pensioner,F,1952-06-02,16012.24,65
M0501,deferred,M,1973-06-04,2412.15,65
M0502,deferred,M,1976-05-28,2764.53,65
M0503,deferred,F,1963-12-12,1821.19,65
M0504,deferred,F,1968-09-12,1172.12,65
M0505,deferred,M,1970-10-30,980.78,65
M0506,deferred,F,1965-07-05,426.13,65
M0507,deferred,M,1969-03-06,1352.63,65
M0508,deferred,F,1964-01-18,6156.49,65
M0509,deferred,M,1966-02-18,830.37,65
M0510,deferred,F,1970-01-22,1021.68,65
M0511,deferred,M,1966-03-26,17541.54,65
M0512,deferred,M,1974-09-20,1973.71,65
M0513,deferred,M,1976-10-12,4672.55,65
M0514,deferred,F,1971-01-21,6239.18,65
M0515,deferred,M,1966-12-08,6353.69,65
M0516,deferred,M,1971-09-15,889.3,65
M0517,deferred,F,1976-09-04,2842.86,65
M0518,deferred,M,1972-06-29,815.75,65
M0519,deferred,M,1968-09-06,31640.85,65
M0520,deferred,M,1974-01-28,833.08,65
M0521,deferred,F,1974-01-25,1363.03,65
M0522,deferred,M,1967-10-17,1371.94,65
M0523,deferred,M,1973-01-22,910.07,65
M0524,deferred,M,1975-03-04,11823.6,65
M0525,deferred,M,1964-12-29,30968.36,65
M0526,deferred,M,1976-05-13,2280.94,65
M0527,deferred,M,1964-07-13,1066.5,65
M0528,deferred,M,1968-10-10,467.45,65
M0529,deferred,M,1970-11-09,2809.66,65
M0530,deferred,F,1971-07-21,2632.76,65
M0531,deferred,M,1973-10-17,1947.6,65
M0532,deferred,M,1965-04-02,4271.65,65
M0533,deferred,F,1978-08-17,4994.91,65
M0534,deferred,F,1968-04-08,4681.12,65
M0535,deferred,F,1968-02-25,2633.33,65
M0536,deferred,M,1969-03-17,1298.62,65
M0537,deferred,M,1969-09-19,6372.63,65
M0538,deferred,M,1974-10-25,3539.64,65
M0539,deferred,M,1967-01-22,7785.67,65
M0540,deferred,M,1972-11-20,7126.58,65
M0541,deferred,F,1975-12-24,973.53,65
M0542,deferred,M,1974-10-02,962.68,65
M0543,deferred,F,1969-01-26,1773.18,65
M0544,deferred,M,1973-04-30,1352.73,65
M0545,deferred,M,1975-08-10,6906.68,65
M0546,deferred,F,1969-11-05,4801.56,65
M0547,deferred,F,1975-03-26,9412.41,65
M0548,deferred,M,1966-09-10,5000.82,65
M0549,deferred,F,1970-01-21,4223.01,65
M0550,deferred,M,1972-03-31,10303.87,65
M0551,deferred,M,1963-04-10,5341.56,65
M0552,deferred,F,1964-08-20,3721.23,65
M0553,deferred,M,1979-02-28,13265.55,65
M0554,deferred,M,1971-02-28,3882.29,65
M0555,deferred,M,1969-06-29,2661.41,65
M0556,deferred,M,1969-04-14,1646.62,65
M0557,deferred,M,1968-02-03,6589.56,65
M0558,deferred,M,1971-04-16,10655.84,65
M0559,deferred,F,1973-01-30,3344.22,65
M0560,deferred,F,1969-11-25,11357.6,65
M0561,deferred,M,1978-04-13,594.37,65
M0562,deferred,M,1979-04-26,3329.61,65
M0563,deferred,F,1963-09-15,3375.95,65
M0564,deferred,M,1962-12-18,1819.33,65
M0565,deferred,M,1979-07-05,29911.35,65
M0566,deferred,F,1965-10-17,3297.58,65
M0567,deferred,M,1973-03-06,2424.94,65
M0568,deferred,M,1970-03-11,3582.74,65
M0569,deferred,M,1969-05-07,577.08,65
M0570,deferred,M,1965-08-11,1766.29,65
M0571,deferred,M,1971-12-29,8479.73,65
M0572,deferred,F,1962-09-13,1987.17,65
M0573,deferred,M,1970-05-28,1659.93,65
M0574,deferred,F,1968-03-14,11374.07,65
M0575,deferred,F,1978-05-27,11693.02,65
M0576,deferred,M,1969-04-13,5573.67,65
M0577,deferred,M,1967-07-31,2323.69,65
M0578,deferred,M,1978-04-30,2821.42,65
M0579,deferred,F,1963-11-27,1697.28,65
M0580,deferred,M,1970-07-24,1429.7,65
M0581,deferred,F,1965-04-20,1367.23,65
M0582,deferred,F,1976-05-17,2006.74,65
M0583,deferred,F,1962-09-10,1379.21,65
M0584,deferred,F,1973-03-09,856.78,65
M0585,deferred,F,1971-02-20,4264.08,65
M0586,deferred,F,1964-04-26,4322.78,65
M0587,deferred,F,1978-11-08,16175.16,65
M0588,deferred,F,1979-07-09,1917.95,65
M0589,deferred,F,1973-12-11,4568.81,65
M0590,deferred,F,1966-10-12,4637.63,65
M0591,deferred,M,1981-11-20,2785.17,65
M0592,deferred,F,1966-10-21,6839.15,65
M0593,deferred,M,1976-10-16,7031.99,65
M0594,deferred,F,1975-04-26,4699.39,65
M0595,deferred,M,1977-04-28,2780.66,65
M0596,deferred,F,1972-08-15,2537.01,65
M0597,deferred,F,1966-01-21,1022.02,65
M0598,deferred,F,1977-12-20,1694.58,65
M0599,deferred,M,1977-05-12,1999.62,65
M0600,deferred,F,1977-05-08,1272.76,65
M0601,deferred,F,1971-02-02,5200.19,65
M0602,deferred,F,1976-06-07,10275.15,65
M0603,deferred,F,1973-08-28,1545.75,65
M0604,deferred,F,1963-02-06,4517.06,65
M0605,deferred,F,1978-04-15,1379.97,65
M0606,deferred,M,1972-11-12,2660.02,65
M0607,deferred,F,1971-12-09,1880.37,65
M0608,deferred,M,1979-06-23,6016.28,65
M0609,deferred,F,1972-12-16,1900.0,65
M0610,deferred,F,1972-07-13,8699.43,65
M0611,deferred,M,1964-08-03,2805.59,65
M0612,deferred,M,1964-02-13,1950.57,65
M0613,deferred,M,1974-11-16,1132.91,65
M0614,deferred,F,1974-01-25,4395.79,65
M0615,deferred,M,1967-12-03,7833.89,65
M0616,deferred,M,1976-08-31,4476.1,65
M0617,deferred,F,1968-06-13,26251.19,65
M0618,deferred,M,1973-03-09,12674.24,65
M0619,deferred,F,1979-05-11,2653.79,65
M0620,deferred,M,1979-04-08,2628.83,65
M0621,deferred,M,1973-08-31,5341.41,65
M0622,deferred,M,1976-03-01,1646.33,65
M0623,deferred,M,1970-07-13,9998.37,65
M0624,deferred,M,1979-12-21,4846.24,65
M0625,deferred,F,1963-07-26,4408.68,65
M0626,deferred,M,1978-05-11,6494.93,65
M0627,deferred,M,1972-09-18,16499.17,65
M0628,deferred,M,1976-09-02,4082.15,65
M0629,deferred,M,1970-09-10,3161.44,65
M0630,deferred,F,1979-03-23,13607.36,65
M0631,deferred,M,1973-10-30,8360.84,65
M0632,deferred,F,1969-06-03,2621.85,65
M0633,deferred,M,1979-08-18,3516.38,65
M0634,deferred,M,1977-06-21,4172.88,65
M0635,deferred,M,1975-01-01,4847.17,65
M0636,deferred,M,1982-07-28,1032.33,65
M0637,deferred,F,1975-07-12,873.3,65
M0638,deferred,M,1971-09-27,1574.77,65
M0639,deferred,M,1975-05-15,1468.88,65
M0640,deferred,F,1974-06-21,1960.74,65
M0641,deferred,F,1972-09-16,6196.61,65
M0642,deferred,F,1977-02-28,3006.35,65
M0643,deferred,F,1967-09-25,4176.69,65
M0644,deferred,F,1975-10-27,1162.87,65
M0645,deferred,F,1969-03-04,2310.09,65
M0646,deferred,F,1974-04-01,5937.54,65
M0647,deferred,M,1970-01-05,5978.8,65
M0648,deferred,F,1969-01-03,1823.3,65
M0649,deferred,M,1969-05-23,4048.15,65
M0650,deferred,F,1963-12-10,25323.33,65
M0651,deferred,F,1974-02-14,3445.0,65
M0652,deferred,M,1965-08-07,1875.54,65
M0653,deferred,F,1977-05-26,2993.3,65
M0654,deferred,F,1982-12-20,3802.74,65
M0655,deferred,M,1971-08-01,3054.79,65
M0656,deferred,M,1974-04-01,3402.61,65
M0657,deferred,F,1963-07-25,954.72,65
M0658,deferred,F,1981-07-11,1471.67,65
M0659,deferred,M,1979-10-18,3059.84,65
M0660,deferred,M,1973-01-05,3016.27,65
M0661,deferred,F,1975-02-17,2102.64,65
M0662,deferred,M,1962-10-11,2984.56,65
M0663,deferred,M,1965-11-21,3697.57,65
M0664,deferred,M,1969-02-07,7793.07,65
M0665,deferred,M,1971-07-21,3201.03,65
M0666,deferred,F,1969-10-26,5012.61,65
M0667,deferred,F,1978-08-09,2149.69,65
M0668,deferred,F,1966-07-27,5857.07,65
M0669,deferred,F,1980-05-09,4908.26,65
M0670,deferred,M,1966-09-21,7629.32,65
M0671,deferred,M,1964-04-07,6651.73,65
M0672,deferred,M,1971-02-04,5945.44,65
M0673,deferred,M,1973-10-21,3203.32,65
M0674,deferred,M,1969-10-08,4363.21,65
M0675,deferred,M,1970-06-15,9115.0,65
M0676,deferred,M,1973-05-13,1946.23,65
M0677,deferred,M,1972-12-03,1988.13,65
M0678,deferred,F,1967-08-17,4120.82,65
M0679,deferred,F,1973-02-03,5086.12,65
M0680,deferred,F,1980-07-20,1667.07,65
M0681,deferred,F,1973-07-24,3272.25,65
M0682,deferred,F,1972-02-05,3216.08,65
M0683,deferred,M,1971-10-07,476.64,65
M0684,deferred,F,1971-06-09,2872.34,65
M0685,deferred,M,1965-04-18,3037.93,65
M0686,deferred,M,1980-03-04,3029.81,65
M0687,deferred,M,1971-05-05,12516.98,65
M0688,deferred,M,1963-07-17,1171.8,65
M0689,deferred,M,1971-04-25,1666.3,65
M0690,deferred,F,1976-09-01,333.47,65
M0691,deferred,F,1975-03-02,2270.36,65
M0692,deferred,F,1978-11-26,2451.46,65
M0693,deferred,F,1973-10-03,2211.75,65
M0694,deferred,M,1981-06-03,9484.63,65
M0695,deferred,M,1980-10-03,7593.7,65
M0696,deferred,F,1981-09-07,3754.05,65
M0697,deferred,M,1975-10-22,2507.31,65
M0698,deferred,M,1972-10-01,8813.93,65
M0699,deferred,M,1975-05-23,3438.31,65
M0700,deferred,F,1979-03-08,1675.85,65
M0701,deferred,F,1974-03-20,746.87,65
M0702,deferred,M,1962-10-29,2352.74,65
M0703,deferred,F,1978-07-17,6902.9,65
M0704,deferred,M,1968-01-14,27157.35,65
M0705,deferred,M,1978-05-23,3699.55,65
M0706,deferred,M,1965-06-07,1757.59,65
M0707,deferred,M,1964-06-13,1204.78,65
M0708,deferred,F,1965-04-01,5751.85,65
M0709,deferred,M,1975-11-10,715.06,65
M0710,deferred,F,1973-09-26,5743.53,65
M0711,deferred,M,1967-04-28,7306.05,65
M0712,deferred,F,1969-10-30,5183.16,65
M0713,deferred,F,1975-04-29,2872.17,65
M0714,deferred,F,1971-10-10,5819.47,65
M0715,deferred,F,1965-01-06,4082.08,65
M0716,deferred,F,1980-12-14,1737.51,65
M0717,deferred,M,1968-02-06,18506.72,65
M0718,deferred,F,1970-04-01,2550.4,65
M0719,deferred,F,1967-04-27,7035.3,65
M0720,deferred,M,1966-06-20,396.93,65
M0721,deferred,M,1977-06-07,11040.68,65
M0722,deferred,M,1976-04-21,13126.73,65
M0723,deferred,M,1966-05-07,3595.25,65
M0724,deferred,M,1976-05-13,5787.25,65
M0725,deferred,M,1977-06-05,5785.92,65
M0726,deferred,F,1966-10-16,1962.58,65
M0727,deferred,M,1967-03-08,5726.89,65
M0728,deferred,F,1965-10-18,1690.45,65
M0729,deferred,M,1968-07-14,2023.61,65
M0730,deferred,F,1974-04-13,9650.52,65
M0731,deferred,M,1973-09-19,8414.49,65
M0732,deferred,M,1975-07-25,1853.41,65
M0733,deferred,M,1968-09-05,1808.58,65
M0734,deferred,F,1975-10-26,1957.61,65
M0735,deferred,M,1969-04-24,6767.55,65
M0736,deferred,F,1979-08-25,1423.01,65
M0737,deferred,M,1977-03-13,4824.97,65
M0738,deferred,F,1969-01-23,6854.64,65
M0739,deferred,M,1965-02-09,3232.78,65
M0740,deferred,F,1969-11-16,8686.94,65
M0741,deferred,M,1971-11-28,2661.48,65
M0742,deferred,M,1972-06-29,2887.22,65
M0743,deferred,M,1972-12-18,1452.43,65
M0744,deferred,M,1976-08-09,8742.73,65
M0745,deferred,M,1975-09-19,1755.75,65
M0746,deferred,F,1973-05-01,4794.92,65
M0747,deferred,M,1978-01-26,3282.41,65
M0748,deferred,M,1976-03-08,1356.98,65
M0749,deferred,F,1964-11-13,2022.98,65
M0750,deferred,M,1967-11-04,12150.23,65
M0751,deferred,M,1968-08-24,4196.52,65
M0752,deferred,F,1974-05-16,1411.32,65
M0753,deferred,F,1968-07-22,4606.91,65
M0754,deferred,F,1977-01-27,3068.72,65
M0755,deferred,M,1974-05-22,78367.14,65
M0756,deferred,F,1965-10-12,4523.9,65
M0757,deferred,M,1966-06-14,2484.82,65
M0758,deferred,F,1979-06-11,12563.4,65
M0759,deferred,F,1978-07-23,667.53,65
M0760,deferred,F,1971-10-23,3810.08,65
M0761,deferred,M,1970-08-15,21067.86,65
M0762,deferred,M,1982-03-15,3152.46,65
M0763,deferred,F,1977-01-04,735.5,65
M0764,deferred,M,1975-02-14,2450.85,65
M0765,deferred,M,1975-07-07,12959.5,65
M0766,deferred,F,1976-04-22,4909.76,65
M0767,deferred,F,1972-07-09,1645.09,65
M0768,deferred,M,1976-04-26,1888.99,65
M0769,deferred,M,1982-10-22,2114.95,65
M0770,deferred,M,1967-02-10,4844.49,65
M0771,deferred,M,1967-04-20,11671.38,65
M0772,deferred,M,1966-09-01,9024.51,65
M0773,deferred,F,1983-05-10,5276.03,65
M0774,deferred,F,1970-06-24,1055.78,65
M0775,deferred,M,1967-11-03,1059.32,65
M0776,deferred,M,1979-10-16,5655.85,65
M0777,deferred,F,1972-07-04,1042.73,65
M0778,deferred,F,1973-05-20,2856.94,65
M0779,deferred,F,1978-12-23,4602.03,65
M0780,deferred,M,1965-09-15,1257.25,65
M0781,deferred,F,1965-10-11,1392.26,65
M0782,deferred,M,1979-07-17,3215.73,65
M0783,deferred,M,1969-02-12,5507.16,65
M0784,deferred,F,1973-04-28,9098.68,65
M0785,deferred,M,1968-09-09,6044.27,65
M0786,deferred,M,1970-12-15,3739.88,65
M0787,deferred,M,1964-03-12,1788.16,65
M0788,deferred,M,1972-01-16,1335.02,65
M0789,deferred,M,1973-09-29,2209.96,65
M0790,deferred,F,1964-11-24,5061.71,65
M0791,deferred,M,1968-07-04,4738.52,65
M0792,deferred,M,1967-06-13,528.8,65
M0793,deferred,F,1977-03-22,1725.74,65
M0794,deferred,M,1979-11-20,10348.27,65
M0795,deferred,F,1976-07-18,3758.64,65
M0796,deferred,M,1976-11-30,977.71,65
M0797,deferred,F,1967-01-25,29165.95,65
M0798,deferred,M,1965-09-27,3410.01,65
M0799,deferred,F,1973-08-28,4946.42,65
M0800,deferred,M,1962-12-28,5014.51,65
M0801,deferred,F,1970-11-13,2514.13,65
M0802,deferred,M,1978-04-28,1818.38,65
M0803,deferred,F,1972-12-30,23624.17,65
M0804,deferred,M,1971-09-08,8633.49,65
M0805,deferred,M,1974-12-12,7333.89,65
M0806,deferred,M,1978-10-19,5879.21,65
M0807,deferred,M,1982-11-07,1418.75,65
M0808,deferred,M,1968-02-21,11051.21,65
M0809,deferred,F,1978-01-20,1638.77,65
M0810,deferred,M,1980-03-04,4516.43,65
M0811,deferred,M,1981-05-16,800.36,65
M0812,deferred,M,1968-12-31,557.66,65
M0813,deferred,M,1972-02-13,4660.98,65
M0814,deferred,M,1968-07-25,1689.74,65
M0815,deferred,F,1977-04-24,584.21,65
M0816,deferred,M,1980-02-01,5693.42,65
M0817,deferred,F,1971-10-02,23590.3,65
M0818,deferred,M,1981-10-29,12223.58,65
M0819,deferred,M,1976-04-30,2776.46,65
M0820,deferred,F,1978-05-22,3527.97,65
M0821,deferred,M,1969-10-17,7781.11,65
M0822,deferred,M,1970-06-07,9608.79,65
M0823,deferred,F,1966-04-25,2569.16,65
M0824,deferred,F,1967-04-21,3609.33,65
M0825,deferred,F,1964-08-01,4587.41,65
M0826,deferred,M,1972-08-01,5761.81,65
M0827,deferred,F,1970-06-12,3104.94,65
M0828,deferred,F,1968-12-27,3141.46,65
M0829,deferred,F,1971-07-31,12117.03,65
M0830,deferred,M,1975-05-09,10395.07,65
M0831,deferred,M,1974-11-24,5378.62,65
M0832,deferred,M,1978-04-17,16444.01,65
M0833,deferred,M,1969-08-14,2471.84,65
M0834,deferred,F,1973-03-24,15081.05,65
M0835,deferred,M,1977-03-19,5703.2,65
M0836,deferred,M,1977-03-16,66465.73,65
M0837,deferred,M,1981-01-16,1196.65,65
M0838,deferred,M,1965-09-19,1882.03,65
M0839,deferred,M,1972-01-08,5102.25,65
M0840,deferred,M,1978-08-11,5004.18,65
M0841,deferred,M,1966-11-29,20244.6,65
M0842,deferred,F,1976-06-29,1917.89,65
M0843,deferred,M,1982-06-01,7902.58,65
M0844,deferred,M,1965-06-03,9964.01,65
M0845,deferred,M,1976-04-30,6599.18,65
M0846,deferred,M,1975-06-07,1473.83,65
M0847,deferred,M,1972-04-13,12425.44,65
M0848,deferred,M,1964-07-28,10582.01,65
M0849,deferred,M,1972-06-06,6003.78,65
M0850,deferred,M,1980-12-18,4206.69,65
M0851,active,F,1969-03-19,1870.88,65
M0852,active,M,1971-01-16,4131.78,65
M0853,active,F,1966-09-22,1304.99,65
M0854,active,M,1970-05-20,3200.32,65
M0855,active,F,1975-08-30,23566.35,65
M0856,active,F,1976-11-10,11503.72,65
M0857,active,F,1975-01-31,9470.32,65
M0858,active,F,1969-03-28,3244.43,65
M0859,active,F,1970-09-25,2007.65,65
M0860,active,M,1969-04-12,2869.68,65
M0861,active,M,1967-07-26,7694.86,65
M0862,active,M,1974-05-02,17475.51,65
M0863,active,F,1972-03-05,18021.62,65
M0864,active,F,1973-03-03,14111.54,65
M0865,active,F,1967-09-04,4119.12,65
M0866,active,F,1981-08-03,8178.73,65
M0867,active,M,1975-04-25,5990.85,65
M0868,active,F,1964-09-06,6675.01,65
M0869,active,F,1980-12-29,50041.7,65
M0870,active,M,1963-11-12,1638.27,65
M0871,active,M,1972-10-14,6476.84,65
M0872,active,M,1968-10-26,23807.85,65
M0873,active,M,1963-11-09,2138.57,65
M0874,active,F,1973-05-15,4482.0,65
M0875,active,F,1965-05-13,4969.44,65
M0876,active,F,1974-08-06,6543.56,65
M0877,active,M,1973-06-08,1902.33,65
M0878,active,F,1975-05-14,13669.94,65
M0879,active,F,1968-07-07,14571.97,65
M0880,active,M,1963-08-16,12641.43,65
M0881,active,F,1971-09-04,3655.03,65
M0882,active,M,1978-03-13,8647.77,65
M0883,active,M,1977-01-24,3560.66,65
M0884,active,M,1968-03-15,5930.48,65
M0885,active,M,1968-03-17,55565.51,65
M0886,active,F,1972-11-21,8719.55,65
M0887,active,M,1965-12-21,2747.43,65
M0888,active,M,1972-01-03,9409.72,65
M0889,active,M,1972-11-03,2369.85,65
M0890,active,M,1976-04-27,2719.18,65
M0891,active,M,1965-10-13,3134.38,65
M0892,active,M,1973-05-09,5363.21,65
M0893,active,F,1973-01-12,18591.67,65
M0894,active,M,1974-11-09,13463.74,65
M0895,active,F,1974-08-26,12808.86,65
M0896,active,M,1971-05-09,2975.49,65
M0897,active,F,1968-02-02,4914.84,65
M0898,active,F,1973-03-22,10218.94,65
M0899,active,M,1980-01-06,4544.66,65
M0900,active,M,1975-10-07,6227.11,65
M0901,active,F,1962-11-18,11901.5,65
M0902,active,M,1970-02-14,5844.76,65
M0903,active,F,1967-11-12,9805.03,65
M0904,active,M,1972-02-20,33545.31,65
M0905,active,M,1974-07-12,6853.56,65
M0906,active,F,1971-09-13,23123.41,65
M0907,active,F,1973-03-25,13235.13,65
M0908,active,M,1963-12-29,2135.98,65
M0909,active,F,1974-11-27,2966.9,65
M0910,active,F,1974-02-20,3778.04,65
M0911,active,M,1970-07-05,3706.51,65
M0912,active,M,1970-07-27,7375.63,65
M0913,active,M,1969-01-05,13910.18,65
M0914,active,M,1968-07-21,24756.4,65
M0915,active,F,1968-08-11,10557.11,65
M0916,active,M,1970-05-05,5356.6,65
M0917,active,M,1970-04-23,1228.05,65
M0918,active,F,1969-02-04,8524.74,65
M0919,active,F,1970-09-28,8187.71,65
M0920,active,F,1970-11-20,9431.71,65
M0921,active,F,1966-11-22,53253.2,65
M0922,active,M,1973-10-27,24434.07,65
M0923,active,F,1976-04-03,16215.97,65
M0924,active,M,1974-11-12,3365.49,65
M0925,active,M,1969-12-20,5041.71,65
M0926,active,M,1979-07-18,7345.45,65
M0927,active,F,1969-11-14,3981.17,65
M0928,active,F,1976-03-03,12551.74,65
M0929,active,M,1973-03-23,11030.45,65
M0930,active,F,1964-04-19,3004.06,65
M0931,active,F,1967-09-27,23490.04,65
M0932,active,M,1967-02-28,8771.61,65
M0933,active,F,1981-03-13,1687.55,65
M0934,active,M,1977-09-21,7638.74,65
M0935,active,F,1964-06-10,10303.95,65
M0936,active,M,1967-02-08,19200.85,65
M0937,active,M,1975-09-13,5904.49,65
M0938,active,M,1969-08-29,16853.97,65
M0939,active,M,1973-05-25,9467.54,65
M0940,active,F,1970-05-25,2449.52,65
M0941,active,M,1972-01-26,2238.47,65
M0942,active,M,1982-10-20,21971.48,65
M0943,active,F,1963-11-03,23472.45,65
M0944,active,F,1971-01-21,10698.03,65
M0945,active,F,1973-06-24,30740.4,65
M0946,active,M,1973-12-06,20705.31,65
M0947,active,M,1968-06-02,14801.19,65
M0948,active,M,1975-12-07,3522.82,65
M0949,active,F,1968-02-16,38005.37,65
M0950,active,F,1967-06-16,12963.18,65
M0951,active,F,1971-10-08,5653.0,65
M0952,active,F,1977-06-16,4384.16,65
M0953,active,M,1970-01-14,10079.94,65
M0954,active,F,1979-05-11,1778.0,65
M0955,active,M,1976-09-25,15016.47,65
M0956,active,M,1975-01-28,3391.35,65
M0957,active,M,1965-07-04,11167.29,65
M0958,active,M,1972-09-29,5002.73,65
M0959,active,F,1973-04-04,6305.77,65
M0960,active,M,1968-06-15,4048.0,65
M0961,active,F,1968-07-15,6919.44,65
M0962,active,F,1972-10-15,43810.92,65
M0963,active,F,1974-02-23,27826.68,65
M0964,active,F,1964-10-04,11006.35,65
M0965,active,M,1967-11-18,7819.94,65
M0966,active,M,1971-08-24,17102.47,65
M0967,active,M,1971-05-24,22118.51,65
M0968,active,M,1966-02-25,3790.91,65
M0969,active,F,1979-11-25,7461.43,65
M0970,active,M,1974-02-09,1552.21,65
M0971,active,M,1977-05-22,21982.21,65
M0972,active,M,1965-04-26,51313.99,65
M0973,active,M,1979-08-27,8597.88,65
M0974,active,F,1971-05-14,1181.67,65
M0975,active,M,1973-05-28,13838.34,65
M0976,active,F,1978-07-08,3545.79,65
M0977,active,F,1968-09-11,4403.62,65
M0978,active,F,1967-09-21,14060.37,65
M0979,active,M,1974-09-21,10059.73,65
M0980,active,F,1966-03-28,5155.91,65
M0981,active,M,1972-11-07,4458.43,65
M0982,active,M,1972-04-08,8959.32,65
M0983,active,F,1966-11-26,5534.06,65
M0984,active,F,1980-05-05,2948.0,65
M0985,active,M,1969-06-23,5930.66,65
M0986,active,F,1962-11-19,10859.88,65
M0987,active,M,1977-01-08,6815.15,65
M0988,active,F,1976-02-10,2241.81,65
M0989,active,F,1977-07-17,19484.12,65
M0990,active,F,1969-01-25,680.12,65
M0991,active,F,1970-03-05,5353.3,65
M0992,active,F,1973-05-10,4578.0,65
M0993,active,F,1976-08-27,9141.3,65
M0994,active,F,1978-03-03,13262.46,65
M0995,active,F,1970-11-11,22054.79,65
M0996,active,M,1973-05-13,4213.43,65
M0997,active,F,1974-09-07,13563.27,65
M0998,active,M,1971-01-24,9541.76,65
M0999,active,F,1962-12-13,1714.39,65
M1000,active,M,1973-10-08,44253.2,65
